Expense,Planned/Rea,Type,Date,Month,Year,Amount,Comments,Account,Excluded
Akasse,REA,👩 Anna,01/01/24,January,2024,-1450,,Anna,false
Akasse,REA,👩 Anna,01/04/24,April,2024,-1450,,Anna,false
Akasse,REA,👩 Anna,01/07/24,July,2024,-1450,,Anna,false
Akasse,REA,👩 Anna,01/10/24,October,2024,-1450,,Anna,false
Bike repair,REA,👩 Anna,01/01/24,January,2024,-550,,Anna,false
Bike repair,REA,👩 Anna,01/07/24,July,2024,-8000,new bike,Anna,false
Cafe/bar/restaurant,REA,👩 Anna,01/02/24,February,2024,-1790,Middag med fam,Anna,false
Cafe/bar/restaurant,REA,👩 Anna,01/04/24,April,2024,-487,Frokost + netto,Anna,false
Cafe/bar/restaurant,REA,👩 Anna,01/05/24,May,2024,-1111,BCN,Anna,false
Cafe/bar/restaurant,REA,👩 Anna,01/06/24,June,2024,-2118,BCN restaurants + frokost dk,Anna,false
Cafe/bar/restaurant,REA,👩 Anna,01/07/24,July,2024,-650,baka dbusk restaurant,Anna,false
Cafe/bar/restaurant,REA,👩 Anna,01/09/24,September,2024,-320,Novo,Anna,false
Cafe/bar/restaurant,REA,👩 Anna,01/10/24,October,2024,-439,,Anna,false
Cafe/bar/restaurant,REA,👩 Anna,01/11/24,November,2024,-1273,"wine club, out w. jeramie, sweden",Anna,false
Cafe/bar/restaurant,REA,👩 Anna,01/12/24,December,2024,-473,,Anna,false
Clothes,REA,👩 Anna,01/01/24,January,2024,-780,shoes,Anna,false
Clothes,REA,👩 Anna,01/04/24,April,2024,-530,sko bilka,Anna,false
Clothes,REA,👩 Anna,01/05/24,May,2024,-4150,BCN shopping,Anna,false
Clothes,REA,👩 Anna,01/06/24,June,2024,-4300,"BCN shopping, doll (present) Shoes + magasin",Anna,false
Clothes,REA,👩 Anna,01/07/24,July,2024,-2840,Clothes,Anna,false
Clothes,REA,👩 Anna,01/08/24,August,2024,-475,Clothes and shoes,Anna,false
Clothes,REA,👩 Anna,01/11/24,November,2024,-1700,"xmas pyjamas, løbesko",Anna,false
Hobby,REA,👩 Anna,01/10/24,October,2024,-240,hobby + scout,Anna,false
Hobby,REA,👩 Anna,01/12/24,December,2024,-212,,Anna,false
Misc,REA,👩 Anna,01/01/24,January,2024,-3994,New glasses,Anna,false
Misc,REA,👩 Anna,01/06/24,June,2024,-873,Haircut tossa + Books,Anna,false
Misc,REA,👩 Anna,01/07/24,July,2024,-750,Bachelorette party,Anna,false
Misc,REA,👩 Anna,01/08/24,August,2024,-500,Scout event,Anna,false
Misc,REA,👩 Anna,01/08/24,August,2024,-1130,matas and normal - for wedding,Anna,false
Misc,REA,👩 Anna,01/09/24,September,2024,-500,,Anna,false
Misc,REA,👩 Anna,01/10/24,October,2024,-435,subsciption + spotify (emil) + vegetarsamfund,Anna,false
Misc,REA,👩 Anna,01/11/24,November,2024,-690,wine shopping + donation (jens),Anna,false
Misc,REA,👩 Anna,01/12/24,December,2024,-106,,Anna,false
Phone,REA,👩 Anna,01/01/24,January,2024,-59,,Anna,false
Phone,REA,👩 Anna,01/02/24,February,2024,-59,,Anna,false
Phone,REA,👩 Anna,01/03/24,March,2024,-59,,Anna,false
Phone,REA,👩 Anna,01/04/24,April,2024,-59,,Anna,false
Phone,REA,👩 Anna,01/05/24,May,2024,-59,,Anna,false
Phone,REA,👩 Anna,01/06/24,June,2024,-59,,Anna,false
Phone,REA,👩 Anna,01/07/24,July,2024,-59,,Anna,false
Phone,REA,👩 Anna,01/08/24,August,2024,-59,,Anna,false
Phone,REA,👩 Anna,01/09/24,September,2024,-59,,Anna,false
Phone,REA,👩 Anna,01/10/24,October,2024,-59,,Anna,false
Phone,REA,👩 Anna,01/11/24,November,2024,-59,,Anna,false
Phone,REA,👩 Anna,01/12/24,December,2024,-59,,Anna,false
Cleaning,REA,🏠 Home,01/05/24,May,2024,-1600,,Joint,false
Cleaning,REA,🏠 Home,01/08/24,August,2024,-1600,,Joint,false
Cleaning,REA,🏠 Home,01/09/24,September,2024,-1600,,Joint,false
Cleaning,REA,🏠 Home,01/10/24,October,2024,-1600,,Joint,false
Cleaning,REA,🏠 Home,01/11/24,November,2024,-1600,,Joint,false
Cleaning,REA,🏠 Home,01/12/24,December,2024,-1200,,Joint,false
Furniture Misc,REA,🏠 Home,01/06/24,June,2024,-2000,Jysk,Joint,false
Furniture Misc,REA,🏠 Home,01/06/24,June,2024,-536,,Joint,false
Furniture Misc,REA,🏠 Home,01/07/24,July,2024,-2224,,Joint,false
Furniture Misc,REA,🏠 Home,01/08/24,August,2024,-2244,Wardrobe,Joint,false
Furniture Misc,REA,🏠 Home,01/09/24,September,2024,-1100,"Bunk Bed, Commode",Joint,false
Furniture Misc,REA,🏠 Home,01/10/24,October,2024,-4758,"Matress Bunkbed, Candles. Pillows Jysk",Joint,false
Furniture Misc,REA,🏠 Home,01/11/24,November,2024,-367,Candles,Joint,false
Furniture Misc,REA,🏠 Home,01/12/24,December,2024,-2257,"photos, water filter",Joint,false
Rent,REA,🏠 Home,01/01/24,January,2024,-12400,,Joint,false
Rent,REA,🏠 Home,01/02/24,February,2024,-12400,,Joint,false
Rent,REA,🏠 Home,01/03/24,March,2024,-12400,,Joint,false
Rent,REA,🏠 Home,01/05/24,May,2024,-12400,,Joint,false
Rent,REA,🏠 Home,01/06/24,June,2024,-12400,,Joint,false
Rent,REA,🏠 Home,01/07/24,July,2024,-12400,,Joint,false
Rent,REA,🏠 Home,01/08/24,August,2024,-12400,,Joint,false
Rent,REA,🏠 Home,01/09/24,September,2024,-12400,,Joint,false
Rent,REA,🏠 Home,01/10/24,October,2024,-12400,,Joint,false
Rent,REA,🏠 Home,01/11/24,November,2024,-12400,,Joint,false
Rent,REA,🏠 Home,01/12/24,December,2024,-12400,,Joint,false
Car Service,REA,🚗 Car,01/08/24,August,2024,-2330,Car service,Joint,false
Car Service,REA,🚗 Car,01/09/24,September,2024,-1500,,Joint,false
Car Service,REA,🚗 Car,01/11/24,November,2024,-10500,diesel filter + pump change,Joint,false
Ejer afgifter,REA,🚗 Car,01/03/24,March,2024,-2790,,Joint,false
Ejer afgifter,REA,🚗 Car,01/09/24,September,2024,-2790,,Joint,false
Misc,REA,🚗 Car,01/07/24,July,2024,-514,,Joint,false
Misc,REA,🚗 Car,01/08/24,August,2024,-1471,"PK Fine, Fine France",Joint,false
Gasoline,REA,🚗 Car,01/01/24,January,2024,-706,,Joint,false
Gasoline,REA,🚗 Car,01/02/24,February,2024,-626,Anna,Joint,false
Gasoline,REA,🚗 Car,01/03/24,March,2024,-500,,Joint,false
Gasoline,REA,🚗 Car,01/06/24,June,2024,-680,Anna,Joint,false
Gasoline,REA,🚗 Car,01/07/24,July,2024,-671,,Joint,false
Gasoline,REA,🚗 Car,01/08/24,August,2024,-941,,Joint,false
Gasoline,REA,🚗 Car,01/09/24,September,2024,-625,,Joint,false
Gasoline,REA,🚗 Car,01/10/24,October,2024,-634,,Joint,false
Gasoline,REA,🚗 Car,01/11/24,November,2024,-676,,Joint,false
Gasoline,REA,🚗 Car,01/12/24,December,2024,-646,,Joint,false
Misc,REA,🚗 Car,01/08/24,August,2024,-1500,"Car Radio,Automatic PK clock",Joint,false
Misc,REA,🚗 Car,01/09/24,September,2024,-800,Joana's Car seat,Joint,false
Misc,REA,🚗 Car,01/11/24,November,2024,-103,Parking Lyngby,Joint,false
Misc,REA,🚗 Car,01/12/24,December,2024,-176,parking,Joint,false
Insurance,REA,🚗 Car,01/01/24,January,2024,-640,,Joint,false
Insurance,REA,🚗 Car,01/02/24,February,2024,-640,,Joint,false
Insurance,REA,🚗 Car,01/03/24,March,2024,-640,,Joint,false
Insurance,REA,🚗 Car,01/05/24,May,2024,-640,,Joint,false
Insurance,REA,🚗 Car,01/06/24,June,2024,-640,,Joint,false
Insurance,REA,🚗 Car,01/07/24,July,2024,-705,,Joint,false
Insurance,REA,🚗 Car,01/08/24,August,2024,-725,,Joint,false
Insurance,REA,🚗 Car,01/09/24,September,2024,-725,,Joint,false
Insurance,REA,🚗 Car,01/10/24,October,2024,-725,,Joint,false
Insurance,REA,🚗 Car,01/10/24,October,2024,380,Bonus,Joint,true
Insurance,REA,🚗 Car,01/11/24,November,2024,-725,,Joint,false
Insurance,REA,🚗 Car,01/12/24,December,2024,-725,,Joint,false
Clothes,REA,👨 Carlos,01/01/24,January,2024,-700,,Personal,false
Bars & Restaurants,REA,👨 Carlos,01/01/24,January,2024,-1277,,Personal,false
Music Forening,REA,👨 Carlos,01/01/24,January,2024,-260,,Personal,false
Bars & Restaurants,REA,👨 Carlos,01/02/24,February,2024,-650,,Personal,false
Music Forening,REA,👨 Carlos,01/02/24,February,2024,-260,,Personal,false
Bars & Restaurants,REA,👨 Carlos,01/03/24,March,2024,-1300,,Personal,false
Music Forening,REA,👨 Carlos,01/03/24,March,2024,-260,,Personal,false
Subscriptions,REA,👨 Carlos,01/04/24,April,2024,-150,Tennis Membership,Personal,false
Bars & Restaurants,REA,👨 Carlos,01/04/24,April,2024,-600,,Personal,false
Music Forening,REA,👨 Carlos,01/04/24,April,2024,-260,,Personal,false
Rejsekort,REA,👨 Carlos,01/04/24,April,2024,-300,,Personal,false
Misc,REA,👨 Carlos,01/05/24,May,2024,-16000,New Computer,Personal,false
Bars & Restaurants,REA,👨 Carlos,01/05/24,May,2024,-790,,Personal,false
Music Forening,REA,👨 Carlos,01/05/24,May,2024,-260,,Personal,false
Travel personal,REA,👨 Carlos,01/05/24,May,2024,-1200,Weekend in Nuria,Personal,false
Clothes,REA,👨 Carlos,01/06/24,June,2024,-596,Amazon,Personal,false
Bars & Restaurants,REA,👨 Carlos,01/06/24,June,2024,-900,,Personal,false
Music Forening,REA,👨 Carlos,01/06/24,June,2024,-260,,Personal,false
Clothes,REA,👨 Carlos,01/07/24,July,2024,-500,,Personal,false
Bars & Restaurants,REA,👨 Carlos,01/07/24,July,2024,-369,,Personal,false
Music Forening,REA,👨 Carlos,01/07/24,July,2024,-260,,Personal,false
Rejsekort,REA,👨 Carlos,01/07/24,July,2024,-300,,Personal,false
Clothes,REA,👨 Carlos,01/08/24,August,2024,-268,,Personal,false
Music Forening,REA,👨 Carlos,01/08/24,August,2024,-260,,Personal,false
Clothes,REA,👨 Carlos,01/09/24,September,2024,-1651,Decathlon shopping,Personal,false
Flight Tickets,REA,👨 Carlos,01/09/24,September,2024,-3104,Barcelona,Personal,false
Music Forening,REA,👨 Carlos,01/09/24,September,2024,-260,,Personal,false
Travel personal,REA,👨 Carlos,01/09/24,September,2024,-1500,Carros de foc,Personal,false
Cleaning,REA,🏠 Home,01/04/24,April,2024,-1600,,Joint,false
Presents,REA,👩 Anna,01/06/24,June,2024,-500,Imerco,Anna,false
Presents,REA,👩 Anna,01/08/24,August,2024,-400,Wedding,Anna,false
Bars & Restaurants,REA,👨 Carlos,01/10/24,October,2024,-1200,,Personal,false
Furniture Misc,REA,🏠 Home,01/04/24,April,2024,-170,tomatoes for garden,Joint,false
Music Forening,REA,👨 Carlos,01/10/24,October,2024,-260,,Personal,false
Rejsekort,REA,👨 Carlos,01/10/24,October,2024,-300,,Personal,false
Presents,REA,👨 Carlos,01/11/24,November,2024,-900,Bike lights for Anna,Personal,false
Bars & Restaurants,REA,👨 Carlos,01/11/24,November,2024,-550,Beers / Kebabs,Personal,false
Music Forening,REA,👨 Carlos,01/11/24,November,2024,-252,,Personal,false
Rejsekort,REA,👨 Carlos,01/11/24,November,2024,-300,,Personal,false
Rent,REA,🏠 Home,01/04/24,April,2024,-12400,,Joint,false
Activities,REA,🎉 Entertainment,01/08/24,August,2024,-395,Planetarium,Joint,false
Activities,REA,🎉 Entertainment,01/09/24,September,2024,-2500,Marinlyst,Joint,false
Activities,REA,🎉 Entertainment,01/12/24,December,2024,-177,,Joint,false
Bars & Restaurants,REA,🎉 Entertainment,01/01/24,January,2024,-1000,,Joint,false
Bars & Restaurants,REA,🎉 Entertainment,01/02/24,February,2024,-1000,,Joint,false
Bars & Restaurants,REA,🎉 Entertainment,01/03/24,March,2024,-1000,,Joint,false
Bars & Restaurants,REA,🎉 Entertainment,01/05/24,May,2024,-5294,Road trip,Joint,false
Bars & Restaurants,REA,🎉 Entertainment,01/06/24,June,2024,-2068,,Joint,false
Bars & Restaurants,REA,🎉 Entertainment,01/07/24,July,2024,-1909,,Joint,false
Bars & Restaurants,REA,🎉 Entertainment,01/08/24,August,2024,-1423,,Joint,false
Bars & Restaurants,REA,🎉 Entertainment,01/09/24,September,2024,-2500,,Joint,false
Bars & Restaurants,REA,🎉 Entertainment,01/10/24,October,2024,-1256,,Joint,false
Bars & Restaurants,REA,🎉 Entertainment,01/11/24,November,2024,-300,,Joint,false
Bars & Restaurants,REA,🎉 Entertainment,01/12/24,December,2024,-3028,,Joint,false
Netflix,REA,🎉 Entertainment,01/06/24,June,2024,-150,,Joint,false
Netflix,REA,🎉 Entertainment,01/07/24,July,2024,-150,,Joint,false
Netflix,REA,🎉 Entertainment,01/08/24,August,2024,-150,,Joint,false
Netflix,REA,🎉 Entertainment,01/09/24,September,2024,-150,,Joint,false
Netflix,REA,🎉 Entertainment,01/10/24,October,2024,-150,,Joint,false
Netflix,REA,🎉 Entertainment,01/12/24,December,2024,-89,,Joint,false
Port Aventura,REA,🎉 Entertainment,01/05/24,May,2024,-1400,,Joint,false
Car Service,REA,🚗 Car,01/04/24,April,2024,-15000,Big reparation,Joint,false
Sports,REA,🎉 Entertainment,01/10/24,October,2024,-125,Badminton,Joint,false
Sports,REA,🎉 Entertainment,01/12/24,December,2024,-120,,Joint,false
Subscriptions,REA,🎉 Entertainment,01/10/24,October,2024,-50,Disney+,Joint,false
Subscriptions,REA,🎉 Entertainment,01/11/24,November,2024,-45,Disney+,Joint,false
Subscriptions,REA,🎉 Entertainment,01/12/24,December,2024,-52,,Joint,false
Gasoline,REA,🚗 Car,01/04/24,April,2024,-600,,Joint,false
TV2Play,REA,🎉 Entertainment,01/10/24,October,2024,-220,,Joint,false
Youtube,REA,🎉 Entertainment,01/01/24,January,2024,-119,,Joint,false
Youtube,REA,🎉 Entertainment,01/02/24,February,2024,-119,,Joint,false
Youtube,REA,🎉 Entertainment,01/03/24,March,2024,-119,,Joint,false
Youtube,REA,🎉 Entertainment,01/05/24,May,2024,-119,,Joint,false
Youtube,REA,🎉 Entertainment,01/06/24,June,2024,-119,,Joint,false
Youtube,REA,🎉 Entertainment,01/07/24,July,2024,-119,,Joint,false
Youtube,REA,🎉 Entertainment,01/08/24,August,2024,-119,,Joint,false
Youtube,REA,🎉 Entertainment,01/09/24,September,2024,-119,,Joint,false
Youtube,REA,🎉 Entertainment,01/10/24,October,2024,-119,,Joint,false
Youtube,REA,🎉 Entertainment,01/11/24,November,2024,-139,,Joint,false
Food,REA,🛒 Groceries,01/01/24,January,2024,-3580,,Joint,false
Food,REA,🛒 Groceries,01/02/24,February,2024,-5030,,Joint,false
Food,REA,🛒 Groceries,01/03/24,March,2024,-4533,,Joint,false
Insurance,REA,🚗 Car,01/04/24,April,2024,-640,,Joint,false
Food,REA,🛒 Groceries,01/05/24,May,2024,-5294,,Joint,false
Food,REA,🛒 Groceries,01/06/24,June,2024,-7988,,Joint,false
Food,REA,🛒 Groceries,01/07/24,July,2024,-5206,,Joint,false
Food,REA,🛒 Groceries,01/08/24,August,2024,-5706,,Joint,false
Food,REA,🛒 Groceries,01/09/24,September,2024,-5159,,Joint,false
Food,REA,🛒 Groceries,01/10/24,October,2024,-6084,,Joint,false
Food,REA,🛒 Groceries,01/11/24,November,2024,-4187,,Joint,false
Food,REA,🛒 Groceries,01/12/24,December,2024,-5458,,Joint,false
Akasse,REA,👩 Anna,01/01/25,January,2025,-1500,,Anna,false
Dentist,REA,👩 Anna,01/08/24,August,2024,-2200,,Anna,false
Dentist,REA,👩 Anna,01/09/24,September,2024,-1900,,Anna,false
Dentist,REA,👨 Carlos,01/05/24,May,2024,-9000,Implant,Personal,false
Dentist,REA,👨 Carlos,01/07/24,July,2024,-1300,Tooth Reconstruction,Personal,false
Dentist,REA,👨 Carlos,01/09/24,September,2024,-4000,Crown,Personal,false
Dentist,REA,👨 Carlos,01/11/24,November,2024,-823,,Personal,false
Dentist,REA,👨 Carlos,01/12/24,December,2024,-800,,Personal,false
Cafe/bar/restaurant,REA,👩 Anna,01/01/25,January,2025,-601,,Anna,false
Massages,REA,💊 Health,01/10/24,October,2024,-968,massages for december bcn,Joint,false
Clothes,REA,👩 Anna,01/01/25,January,2025,-60,,Anna,false
Pharmacy,REA,💊 Health,01/06/24,June,2024,-180,medicine,Joint,false
Pharmacy,REA,💊 Health,01/07/24,July,2024,-33,,Joint,false
Pharmacy,REA,💊 Health,01/09/24,September,2024,-144,,Joint,false
Pharmacy,REA,💊 Health,01/10/24,October,2024,-279,,Joint,false
Pharmacy,REA,💊 Health,01/12/24,December,2024,-179,,Joint,false
Psicologist,REA,👩 Anna,01/02/24,February,2024,-356,,Anna,false
Psicologist,REA,👩 Anna,01/03/24,March,2024,-356,,Anna,false
Subscriptions,REA,👨 Carlos,01/11/24,November,2024,-900,NordVPN,Personal,false
Psicologist,REA,👩 Anna,01/06/24,June,2024,-186,,Anna,false
Psicologist,REA,👩 Anna,01/07/24,July,2024,-372,,Anna,false
Psicologist,REA,👩 Anna,01/09/24,September,2024,-186,,Anna,false
Psicologist,REA,👩 Anna,01/10/24,October,2024,-192,,Anna,false
Psicologist,REA,👩 Anna,01/11/24,November,2024,-192,25 Nov,Anna,false
Psicologist,REA,👩 Anna,01/12/24,December,2024,-192,,Anna,false
Psicologist,REA,👨 Carlos,01/01/24,January,2024,-894,,Personal,false
Psicologist,REA,👨 Carlos,01/02/24,February,2024,-600,,Personal,false
Psicologist,REA,👨 Carlos,01/03/24,March,2024,-600,,Personal,false
Bars & Restaurants,REA,👨 Carlos,01/12/24,December,2024,-1000,"Food, Beers & Groceries",Personal,false
Psicologist,REA,👨 Carlos,01/05/24,May,2024,-300,,Personal,false
Psicologist,REA,👨 Carlos,01/06/24,June,2024,-150,,Personal,false
Psicologist,REA,👨 Carlos,01/07/24,July,2024,-300,,Personal,false
Psicologist,REA,👨 Carlos,01/08/24,August,2024,-300,,Personal,false
Psicologist,REA,👨 Carlos,01/09/24,September,2024,-600,,Personal,false
Psicologist,REA,👨 Carlos,01/10/24,October,2024,-900,,Personal,false
Psicologist,REA,👨 Carlos,01/11/24,November,2024,-598,,Personal,false
Psicologist,REA,👨 Carlos,01/12/24,December,2024,-298,,Personal,false
Airbnb,REA,💰 Income,01/05/24,May,2024,23216,,Joint,false
Subscriptions,REA,👨 Carlos,01/12/24,December,2024,-109,Spotify x3 months,Personal,false
Anna's Salary,REA,💰 Income,01/01/24,January,2024,29250,,Joint,false
Anna's Salary,REA,💰 Income,01/02/24,February,2024,29525,,Joint,false
Anna's Salary,REA,💰 Income,01/03/24,March,2024,31350,,Joint,false
Music Forening,REA,👨 Carlos,01/12/24,December,2024,-252,,Personal,false
Anna's Salary,REA,💰 Income,01/05/24,May,2024,31350,,Joint,false
Anna's Salary,REA,💰 Income,01/06/24,June,2024,31850,,Joint,false
Anna's Salary,REA,💰 Income,01/07/24,July,2024,10550,,Joint,false
Anna's Salary,REA,💰 Income,01/08/24,August,2024,30200,,Joint,false
Anna's Salary,REA,💰 Income,01/09/24,September,2024,27050,,Joint,false
Anna's Salary,REA,💰 Income,01/10/24,October,2024,27200,,Joint,false
Anna's Salary,REA,💰 Income,01/11/24,November,2024,22740,,Joint,false
Anna's Salary,REA,💰 Income,01/12/24,December,2024,23066,,Joint,false
Børne og Unge Ydelse,REA,💰 Income,01/01/24,January,2024,3850,,Joint,false
Rejsekort,REA,👨 Carlos,01/12/24,December,2024,-34,,Personal,false
Børne og Unge Ydelse,REA,💰 Income,01/07/24,July,2024,4300,,Joint,false
Børne og Unge Ydelse,REA,💰 Income,01/10/24,October,2024,4300,,Joint,false
Børne og Unge Ydelse,REA,💰 Income,01/01/24,January,2024,4300,,Joint,false
Børne og Unge Ydelse,REA,💰 Income,01/07/24,July,2024,4300,,Joint,false
Børne og Unge Ydelse,REA,💰 Income,01/10/24,October,2024,4300,,Joint,false
Carlos Salary,REA,💰 Income,01/01/24,January,2024,30000,,Joint,false
Carlos Salary,REA,💰 Income,01/02/24,February,2024,30000,,Joint,false
Carlos Salary,REA,💰 Income,01/03/24,March,2024,30000,,Joint,false
Carlos Salary,REA,💰 Income,01/05/24,May,2024,31500,,Joint,false
Carlos Salary,REA,💰 Income,01/06/24,June,2024,31500,Salary Increase,Joint,false
Carlos Salary,REA,💰 Income,01/07/24,July,2024,31500,,Joint,false
Carlos Salary,REA,💰 Income,01/08/24,August,2024,31500,,Joint,false
Carlos Salary,REA,💰 Income,01/09/24,September,2024,31500,,Joint,false
Carlos Salary,REA,💰 Income,01/10/24,October,2024,101500,Retention Bonus 2,Joint,false
Carlos Salary,REA,💰 Income,01/11/24,November,2024,34747,,Joint,false
Carlos Salary,REA,💰 Income,01/12/24,December,2024,34952,,Joint,false
Misc,REA,👩 Anna,01/01/25,January,2025,-575,"Spa day anna, app",Anna,false
Carlos Skat return,REA,💰 Income,01/07/24,July,2024,7614,,Joint,false
Danmark forsikring,REA,💊 Health,01/01/24,January,2024,-1300,,Joint,false
Phone,REA,👩 Anna,01/01/25,January,2025,-25,,Anna,false
Danmark forsikring,REA,💊 Health,01/07/24,July,2024,-1300,,Joint,false
Danmark forsikring,REA,💊 Health,01/10/24,October,2024,-1300,,Joint,false
Danmark forsikring,REA,💊 Health,01/12/24,December,2024,300,,Joint,true
Content Insurance,REA,🏠 Home,01/01/24,January,2024,-149,,Joint,false
Content Insurance,REA,🏠 Home,01/02/24,February,2024,-149,,Joint,false
Content Insurance,REA,🏠 Home,01/03/24,March,2024,-149,,Joint,false
Presents,REA,👩 Anna,01/01/25,January,2025,-1554,"gin, mom present (glade vanvid)",Anna,false
Content Insurance,REA,🏠 Home,01/05/24,May,2024,-149,,Joint,false
Content Insurance,REA,🏠 Home,01/06/24,June,2024,-149,,Joint,false
Content Insurance,REA,🏠 Home,01/07/24,July,2024,-227,,Joint,false
Content Insurance,REA,🏠 Home,01/08/24,August,2024,-146,,Joint,false
Content Insurance,REA,🏠 Home,01/09/24,September,2024,-146,,Joint,false
Content Insurance,REA,🏠 Home,01/10/24,October,2024,-146,,Joint,false
Content Insurance,REA,🏠 Home,01/11/24,November,2024,-146,,Joint,false
Content Insurance,REA,🏠 Home,01/12/24,December,2024,-146,,Joint,false
Psicologist,REA,👩 Anna,01/01/25,January,2025,-191,,Anna,false
Activities,REA,👶 Kids,01/01/24,January,2024,-145,Pool,Joint,false
Activities,REA,👶 Kids,01/02/24,February,2024,-145,Pool,Joint,false
Activities,REA,👶 Kids,01/03/24,March,2024,-480,Pool,Joint,false
Activities,REA,👶 Kids,01/03/24,March,2024,-405,Experimentarium,Joint,false
Rejsekort,REA,👩 Anna,01/01/25,January,2025,-100,,Anna,false
Activities,REA,👶 Kids,01/05/24,May,2024,-145,Pool,Joint,false
Activities,REA,👶 Kids,01/06/24,June,2024,-65,Pool,Joint,false
Activities,REA,👶 Kids,01/07/24,July,2024,-415,Pool,Joint,false
Activities,REA,👶 Kids,01/08/24,August,2024,-160,Pool,Joint,false
Activities,REA,👶 Kids,01/09/24,September,2024,-1112,Pool,Joint,false
Activities,REA,👶 Kids,01/10/24,October,2024,-145,Pool,Joint,false
Activities,REA,👶 Kids,01/11/24,November,2024,-400,Gymnastik,Joint,false
Activities,REA,👶 Kids,01/12/24,December,2024,-457,,Joint,false
Clothes,REA,👶 Kids,01/02/24,February,2024,-450,Flyvedragt second hand elizabeth,Joint,false
Clothes,REA,👶 Kids,01/10/24,October,2024,-1685,"shoes joana, pyjamas, flyverdragt elizabeth",Joint,false
Clothes,REA,👶 Kids,01/11/24,November,2024,-1550,zalando name it,Joint,false
Kindergarden,REA,👶 Kids,01/01/24,January,2024,-4171,,Joint,false
Kindergarden,REA,👶 Kids,01/02/24,February,2024,-4171,,Joint,false
Kindergarden,REA,👶 Kids,01/03/24,March,2024,-4171,,Joint,false
Bars & Restaurants,REA,🎉 Entertainment,01/04/24,April,2024,-1000,,Joint,false
Kindergarden,REA,👶 Kids,01/05/24,May,2024,-4171,,Joint,false
Kindergarden,REA,👶 Kids,01/06/24,June,2024,-4171,,Joint,false
Kindergarden,REA,👶 Kids,01/08/24,August,2024,-4742,,Joint,false
Kindergarden,REA,👶 Kids,01/09/24,September,2024,-6563,,Joint,false
Kindergarden,REA,👶 Kids,01/10/24,October,2024,-6783,,Joint,false
Kindergarden,REA,👶 Kids,01/11/24,November,2024,-6783,,Joint,false
Kindergarden,REA,👶 Kids,01/12/24,December,2024,-6783,,Joint,false
Misc,REA,👶 Kids,01/06/24,June,2024,-400,Vitamins,Joint,false
Misc,REA,👶 Kids,01/11/24,November,2024,-188,photo album materials,Joint,false
Gear,REA,🛍️ Shopping,01/01/24,January,2024,-1000,Suitcase,Joint,false
Gear,REA,🛍️ Shopping,01/05/24,May,2024,-4000,Camping gear Decathlon,Joint,false
Misc,REA,🛍️ Shopping,01/12/24,December,2024,-628,,Joint,false
Boui les Baronnes & Barcelona,REA,✈️ Traveling,01/05/24,May,2024,-25000,,Joint,false
Accomodation,REA,✈️ Traveling,01/11/24,November,2024,-2459,Casa rural with Carlos Brothers,Joint,false
Flight Tickets,REA,✈️ Traveling,01/10/24,October,2024,-7000,Barcelona Xmas,Joint,false
Nuria,REA,✈️ Traveling,01/01/24,January,2024,-800,,Joint,false
Misc,REA,✈️ Traveling,01/12/24,December,2024,-197,Taxis,Joint,false
Youtube,REA,🎉 Entertainment,01/04/24,April,2024,-119,,Joint,false
Roadtrip,REA,✈️ Traveling,01/07/24,July,2024,-3000,Fyn,Joint,false
Travel personal,REA,👩 Anna,01/01/25,January,2025,-6400,Narvik,Anna,false
Summerhouse trips,REA,✈️ Traveling,01/07/24,July,2024,-3250,Johanna visit food and rent gas,Joint,false
Summerhouse trips,REA,✈️ Traveling,01/11/24,November,2024,-250,Summerhouse bathtab wood,Joint,false
Electricity,REA,🏠 Home,01/01/24,January,2024,-665,,Joint,false
Electricity,REA,🏠 Home,01/02/24,February,2024,-788,,Joint,false
Electricity,REA,🏠 Home,01/03/24,March,2024,-319,,Joint,false
Electricity,REA,🏠 Home,01/05/24,May,2024,-550,,Joint,false
Electricity,REA,🏠 Home,01/06/24,June,2024,-485,,Joint,false
Electricity,REA,🏠 Home,01/07/24,July,2024,-333,,Joint,false
Electricity,REA,🏠 Home,01/08/24,August,2024,-440,,Joint,false
Electricity,REA,🏠 Home,01/09/24,September,2024,-490,,Joint,false
Electricity,REA,🏠 Home,01/10/24,October,2024,-435,,Joint,false
Electricity,REA,🏠 Home,01/11/24,November,2024,-496,,Joint,false
Electricity,REA,🏠 Home,01/12/24,December,2024,-612,,Joint,false
Hot Water / Gas,REA,🏠 Home,01/01/24,January,2024,-650,,Joint,false
Hot Water / Gas,REA,🏠 Home,01/02/24,February,2024,-650,,Joint,false
Hot Water / Gas,REA,🏠 Home,01/03/24,March,2024,-650,,Joint,false
Hot Water / Gas,REA,🏠 Home,01/05/24,May,2024,-650,,Joint,false
Hot Water / Gas,REA,🏠 Home,01/06/24,June,2024,-650,,Joint,false
Hot Water / Gas,REA,🏠 Home,01/07/24,July,2024,-650,,Joint,false
Hot Water / Gas,REA,🏠 Home,01/08/24,August,2024,-650,,Joint,false
Hot Water / Gas,REA,🏠 Home,01/09/24,September,2024,-650,,Joint,false
Hot Water / Gas,REA,🏠 Home,01/10/24,October,2024,-650,,Joint,false
Hot Water / Gas,REA,🏠 Home,01/11/24,November,2024,-450,,Joint,false
Hot Water / Gas,REA,🏠 Home,01/12/24,December,2024,-450,,Joint,false
Water,REA,🏠 Home,01/01/24,January,2024,-300,,Joint,false
Water,REA,🏠 Home,01/02/24,February,2024,-300,,Joint,false
Water,REA,🏠 Home,01/03/24,March,2024,-300,,Joint,false
Water,REA,🏠 Home,01/05/24,May,2024,-300,,Joint,false
Water,REA,🏠 Home,01/06/24,June,2024,-300,,Joint,false
Water,REA,🏠 Home,01/07/24,July,2024,-300,,Joint,false
Water,REA,🏠 Home,01/08/24,August,2024,-300,,Joint,false
Water,REA,🏠 Home,01/09/24,September,2024,-300,,Joint,false
Water,REA,🏠 Home,01/10/24,October,2024,-300,,Joint,false
Water,REA,🏠 Home,01/11/24,November,2024,-200,,Joint,false
Water,REA,🏠 Home,01/12/24,December,2024,-200,,Joint,false
Presents,REA,👩 Anna,01/11/24,November,2024,-2850,"ida,carlos",Anna,false
Presents,REA,👩 Anna,01/12/24,December,2024,-100,novo present,Anna,false
Rejsekort,REA,👩 Anna,01/02/24,February,2024,-300,,Anna,false
Rejsekort,REA,👩 Anna,01/07/24,July,2024,-300,,Anna,false
Rejsekort,REA,👩 Anna,01/12/24,December,2024,-420,,Anna,false
Travel personal,REA,👩 Anna,01/02/24,February,2024,-750,Berlin,Anna,false
Travel personal,REA,👩 Anna,01/08/24,August,2024,-3467,sweden with mom,Anna,false
Travel personal,REA,👩 Anna,01/11/24,November,2024,-1270,marienlyst m elizabeth,Anna,false
Presents,REA,🎁 Presents,01/12/24,December,2024,-5000,Xmas gifts,Joint,false
Cafe/bar/restaurant,REA,👩 Anna,01/02/25,February,2025,-107,,Anna,false
Misc,REA,👩 Anna,01/02/25,February,2025,-481,"spa with cousins,",Anna,false
Presents,REA,👩 Anna,01/02/25,February,2025,-80,,Anna,false
Dentist,REA,👩 Anna,01/02/25,February,2025,-2384,Permanent filling up left,Anna,false
Rejsekort,REA,👩 Anna,01/02/25,February,2025,-68,,Anna,false
Travel personal,REA,👩 Anna,01/02/25,February,2025,-953,,Anna,false
Glasses and contacts,REA,👩 Anna,01/03/25,March,2025,-833,year lenses,Anna,false
Cafe/bar/restaurant,REA,👩 Anna,01/03/25,March,2025,-375,,Anna,false
Misc,REA,👩 Anna,01/03/25,March,2025,-1000,frederiksberg spa + frisør + parkering,Anna,false
Psicologist,REA,👩 Anna,01/03/25,March,2025,-190,,Anna,false
Rejsekort,REA,👩 Anna,01/03/25,March,2025,-30,,Anna,false
Akasse,REA,👩 Anna,01/04/25,April,2025,-1497,,Anna,false
Cafe/bar/restaurant,REA,👩 Anna,01/04/25,April,2025,-216,,Anna,false
Misc,REA,👩 Anna,01/04/25,April,2025,-60,swimming,Anna,false
Presents,REA,👩 Anna,01/04/25,April,2025,-20,,Anna,false
Rejsekort,REA,👩 Anna,01/04/25,April,2025,-32,,Anna,false
Psicologist,REA,👩 Anna,01/04/25,April,2025,-191,,Anna,false
Clothes,REA,👩 Anna,01/05/25,May,2025,-50,,Anna,false
Presents,REA,👩 Anna,01/05/25,May,2025,-50,,Anna,false
Psicologist,REA,👩 Anna,01/05/25,May,2025,-191,,Anna,false
Rejsekort,REA,👩 Anna,01/05/25,May,2025,-77,,Anna,false
Anna Skat Return,REA,💰 Income,01/06/25,June,2025,-1226,extra tax from year 2023,Joint,false
Anna's Salary,REA,💰 Income,01/06/25,June,2025,30206,,Joint,false
Carlos Salary,REA,💰 Income,01/06/25,June,2025,36144,,Joint,false
Sell,REA,💰 Income,01/06/25,June,2025,50,Osprey cover,Joint,false
Cleaning,REA,🏠 Home,01/06/25,June,2025,-1600,,Joint,false
Rent,REA,🏠 Home,01/06/25,June,2025,-12541,,Joint,false
Content Insurance,REA,🏠 Home,01/06/25,June,2025,-150,,Joint,false
Electricity,REA,🏠 Home,01/06/25,June,2025,-405,,Joint,false
Hot Water / Gas,REA,🏠 Home,01/06/25,June,2025,-585,,Joint,false
Water,REA,🏠 Home,01/06/25,June,2025,-200,,Joint,false
Anna's Salary,REA,💰 Income,01/07/25,July,2025,29499,,Joint,false
Børne og Unge Ydelse,REA,💰 Income,01/07/25,July,2025,4742,,Joint,false
Børne og Unge Ydelse,REA,💰 Income,01/07/25,July,2025,4742,,Joint,false
Carlos Salary,REA,💰 Income,01/07/25,July,2025,36765,,Joint,false
Cleaning,REA,🏠 Home,01/07/25,July,2025,-400,,Joint,false
Rent,REA,🏠 Home,01/07/25,July,2025,-12541,,Joint,false
Content Insurance,REA,🏠 Home,01/07/25,July,2025,-258,,Joint,false
Electricity,REA,🏠 Home,01/07/25,July,2025,-399,,Joint,false
Hot Water / Gas,REA,🏠 Home,01/07/25,July,2025,-585,,Joint,false
Water,REA,🏠 Home,01/07/25,July,2025,-200,,Joint,false
Food,REA,🛒 Groceries,01/07/25,July,2025,-9747,,Joint,false
Anna's Salary,REA,💰 Income,01/08/25,August,2025,30795,,Joint,false
Carlos Salary,REA,💰 Income,01/08/25,August,2025,36767,,Joint,false
Anna's Salary,REA,💰 Income,01/09/25,September,2025,30385,,Joint,false
Carlos Salary,REA,💰 Income,01/09/25,September,2025,36500,,Joint,false
Cleaning,REA,🏠 Home,01/08/25,August,2025,-1600,,Joint,false
Rent,REA,🏠 Home,01/08/25,August,2025,-12541,,Joint,false
Cleaning,REA,🏠 Home,01/09/25,September,2025,-2000,,Joint,false
Rent,REA,🏠 Home,01/09/25,September,2025,-12541,,Joint,false
Content Insurance,REA,🏠 Home,01/08/25,August,2025,-212,,Joint,false
Content Insurance,REA,🏠 Home,01/09/25,September,2025,-212,,Joint,false
Electricity,REA,🏠 Home,01/08/25,August,2025,-447,,Joint,false
Hot Water / Gas,REA,🏠 Home,01/08/25,August,2025,-585,,Joint,false
Water,REA,🏠 Home,01/08/25,August,2025,-200,,Joint,false
Electricity,REA,🏠 Home,01/09/25,September,2025,-376,,Joint,false
Hot Water / Gas,REA,🏠 Home,01/09/25,September,2025,-585,,Joint,false
Water,REA,🏠 Home,01/09/25,September,2025,-200,,Joint,false
Food,REA,🛒 Groceries,01/08/25,August,2025,-5336,,Joint,false
Food,REA,🛒 Groceries,01/09/25,September,2025,-5059,,Joint,false
Anna's Salary,REA,💰 Income,01/10/25,October,2025,30497,,Joint,false
Anna's Salary,REA,💰 Income,01/11/25,November,2025,32022,Salary + working for ida,Joint,false
Børne og Unge Ydelse,REA,💰 Income,01/10/25,October,2025,4742,,Joint,false
Børne og Unge Ydelse,REA,💰 Income,01/10/25,October,2025,4742,,Joint,false
Carlos Salary,REA,💰 Income,01/10/25,October,2025,47578,,Joint,false
Carlos Salary,REA,💰 Income,01/11/25,November,2025,36324,,Joint,false
Cleaning,REA,🏠 Home,01/10/25,October,2025,-1200,,Joint,false
Electricity,REA,🏠 Home,01/10/25,October,2025,-461,,Joint,false
Anna's Salary,REA,💰 Income,01/12/25,December,2025,30832,,Joint,false
Furniture Misc,REA,🏠 Home,01/10/25,October,2025,-480,"Light bulb, Kitchen utensils",Joint,false
House Insurance,REA,🏠 Home,01/10/25,October,2025,-18758,Ejerskifte forskikring,Joint,false
Hot Water / Gas,REA,🏠 Home,01/10/25,October,2025,-585,,Joint,false
Carlos Salary,REA,💰 Income,01/12/25,December,2025,36528,,Joint,false
Cleaning,REA,🏠 Home,01/11/25,November,2025,-1600,,Joint,false
Rent,REA,🏠 Home,01/10/25,October,2025,-12541,,Joint,false
Electricity,REA,🏠 Home,01/11/25,November,2025,-409,,Joint,false
Furniture Misc,REA,🏠 Home,01/11/25,November,2025,-255,IKEA trip,Joint,false
Content Insurance,REA,🏠 Home,01/10/25,October,2025,-241,,Joint,false
Content Insurance,REA,🏠 Home,01/11/25,November,2025,-241,,Joint,false
Hot Water / Gas,REA,🏠 Home,01/11/25,November,2025,-585,,Joint,false
Mortgage,REA,🏠 Home,01/11/25,November,2025,-7500,Lawyer,Joint,false
Mortgage,REA,🏠 Home,01/11/25,November,2025,-38500,Tinglysning,Joint,false
Rent,REA,🏠 Home,01/11/25,November,2025,-12541,,Joint,false
Water,REA,🏠 Home,01/11/25,November,2025,-200,,Joint,false
Cleaning,REA,🏠 Home,01/12/25,December,2025,-1200,,Joint,false
Rent,REA,🏠 Home,01/12/25,December,2025,-12541,,Joint,false
Content Insurance,REA,🏠 Home,01/12/25,December,2025,-225,,Joint,false
Electricity,REA,🏠 Home,01/12/25,December,2025,-555,,Joint,false
Hot Water / Gas,REA,🏠 Home,01/12/25,December,2025,-585,,Joint,false
Water,REA,🏠 Home,01/12/25,December,2025,-200,,Joint,false
Cleaning,REA,🏠 Home,01/01/25,January,2025,-1200,,Joint,false
Furniture Misc,REA,🏠 Home,01/01/25,January,2025,-360,Pee bedsheets,Joint,false
Rent,REA,🏠 Home,01/01/25,January,2025,-14342,"+ depositum for the 1,35% rise in rent",Joint,false
Cleaning,REA,🏠 Home,01/02/25,February,2025,-800,,Joint,false
Furniture Misc,REA,🏠 Home,01/02/25,February,2025,-473,"sweater cleaner bought in berlin, Pee sheets in Jysk",Joint,false
Rent,REA,🏠 Home,01/02/25,February,2025,-12541,,Joint,false
Cleaning,REA,🏠 Home,01/03/25,March,2025,-1400,,Joint,false
Rent,REA,🏠 Home,01/03/25,March,2025,-12541,,Joint,false
Cleaning,REA,🏠 Home,01/04/25,April,2025,-1600,,Joint,false
Furniture Misc,REA,🏠 Home,01/04/25,April,2025,-170,Gardening,Joint,false
Rent,REA,🏠 Home,01/04/25,April,2025,-12541,,Joint,false
Cleaning,REA,🏠 Home,01/05/25,May,2025,-1600,,Joint,false
Furniture Misc,REA,🏠 Home,01/05/25,May,2025,-445,Shelves bunk bed,Joint,false
Rent,REA,🏠 Home,01/05/25,May,2025,-12541,,Joint,false
Food,REA,🛒 Groceries,01/06/25,June,2025,-4965,,Joint,false
Compensation,REA,✈️ Traveling,01/07/25,July,2025,4000,Refund from Victor and Alex,Joint,true
Accomodation,REA,✈️ Traveling,01/07/25,July,2025,-4452,Camping and AirBnb Sweeden,Joint,false
Accomodation,REA,✈️ Traveling,01/07/25,July,2025,-1100,Summerhouse,Joint,false
Accomodation,REA,✈️ Traveling,01/08/25,August,2025,-1100,Sommerhus,Joint,false
Accomodation,REA,✈️ Traveling,01/09/25,September,2025,-3345,Bed linens,Joint,false
Transport,REA,✈️ Traveling,01/09/25,September,2025,-1420,Bornholm ferry+Toll+ Gas,Joint,false
Water,REA,🏠 Home,01/10/25,October,2025,-200,,Joint,false
Food,REA,🛒 Groceries,01/11/25,November,2025,-4141,,Joint,false
Food,REA,🛒 Groceries,01/10/25,October,2025,-5401,,Joint,false
Food,REA,🛒 Groceries,01/12/25,December,2025,-3778,,Joint,false
Gasoline,REA,🚗 Car,01/01/25,January,2025,-804,,Joint,false
Insurance,REA,🚗 Car,01/01/25,January,2025,-177,,Joint,false
Misc,REA,🚗 Car,01/02/25,February,2025,-241,Frame for bike plate,Joint,false
Gasoline,REA,🚗 Car,01/02/25,February,2025,-700,,Joint,false
Misc,REA,🚗 Car,01/02/25,February,2025,-143,Parking,Joint,false
Insurance,REA,🚗 Car,01/02/25,February,2025,-390,,Joint,false
Car Service,REA,🚗 Car,01/03/25,March,2025,-4666,Change of tyres,Joint,false
Ejer afgifter,REA,🚗 Car,01/03/25,March,2025,-2360,,Joint,false
Gasoline,REA,🚗 Car,01/03/25,March,2025,-1310,,Joint,false
Misc,REA,🚗 Car,01/03/25,March,2025,-576,Road insurance,Joint,false
Insurance,REA,🚗 Car,01/03/25,March,2025,-390,,Joint,false
Gasoline,REA,🚗 Car,01/04/25,April,2025,-703,,Joint,false
Insurance,REA,🚗 Car,01/04/25,April,2025,-390,,Joint,false
Gasoline,REA,🚗 Car,01/05/25,May,2025,-690,,Joint,false
Misc,REA,🚗 Car,01/05/25,May,2025,-223,Parking,Joint,false
Insurance,REA,🚗 Car,01/05/25,May,2025,-390,,Joint,false
Activities,REA,👶 Kids,01/06/25,June,2025,-90,Vestbadet,Joint,false
Clothes,REA,👶 Kids,01/06/25,June,2025,-195,Babysam,Joint,false
Kindergarden,REA,👶 Kids,01/06/25,June,2025,-6117,,Joint,false
Transport,REA,✈️ Traveling,01/07/25,July,2025,-2676,Bridge to Sweeden x 2 plus gas to Gotheborg + Audi tank and clean,Joint,false
Bars & Restaurants,REA,✈️ Traveling,01/07/25,July,2025,-2005,,Joint,false
Activities,REA,👶 Kids,01/07/25,July,2025,-150,Vestbadet,Joint,false
Kindergarden,REA,👶 Kids,01/07/25,July,2025,-467,,Joint,false
Bars & Restaurants,REA,✈️ Traveling,01/09/25,September,2025,-1010,,Joint,false
Activities,REA,👶 Kids,01/08/25,August,2025,-210,Vestbadet,Joint,false
Clothes,REA,👶 Kids,01/08/25,August,2025,-22,,Joint,false
Kindergarden,REA,👶 Kids,01/08/25,August,2025,-6117,,Joint,false
Misc,REA,👶 Kids,01/08/25,August,2025,-70,,Joint,false
Kindergarden,REA,👶 Kids,01/09/25,September,2025,-6584,,Joint,false
Transport,REA,✈️ Traveling,01/12/25,December,2025,-800,Taxis forth & back to airport + Gava party,Joint,false
Flight Tickets,REA,✈️ Traveling,01/12/25,December,2025,-6483,Barcelona,Joint,false
Activities,REA,👶 Kids,01/10/25,October,2025,-240,,Joint,false
Clothes,REA,👶 Kids,01/10/25,October,2025,-1310,Shoes,Joint,false
Activities,REA,👶 Kids,01/11/25,November,2025,-150,Vestbadet,Joint,false
Kindergarden,REA,👶 Kids,01/10/25,October,2025,-6585,,Joint,false
Clothes,REA,👶 Kids,01/11/25,November,2025,-910,,Joint,false
Misc,REA,👶 Kids,01/10/25,October,2025,-280,Passport Joana,Joint,false
Kindergarden,REA,👶 Kids,01/11/25,November,2025,-6585,,Joint,false
Activities,REA,👶 Kids,01/12/25,December,2025,-150,,Joint,false
Clothes,REA,👶 Kids,01/12/25,December,2025,-180,,Joint,false
Kindergarden,REA,👶 Kids,01/12/25,December,2025,-6585,,Joint,false
Clothes,REA,👨 Carlos,01/01/25,January,2025,-200,Socks,Personal,false
Bars & Restaurants,REA,👨 Carlos,01/01/25,January,2025,-572,,Personal,false
Music Forening,REA,👨 Carlos,01/01/25,January,2025,-252,,Personal,false
Rejsekort,REA,👨 Carlos,01/01/25,January,2025,-36,,Personal,false
Bank fees,REA,👨 Carlos,01/01/25,January,2025,-75,,Personal,false
Psicologist,REA,👨 Carlos,01/01/25,January,2025,-600,,Personal,false
Subscriptions,REA,👨 Carlos,01/02/25,February,2025,-596,New Scientist & Dashlane Anual,Personal,false
Flight Tickets,REA,👨 Carlos,01/02/25,February,2025,-1998,Going to Bcn with Laia in March,Personal,false
Bank fees,REA,👨 Carlos,01/02/25,February,2025,-75,,Personal,false
Bars & Restaurants,REA,👨 Carlos,01/02/25,February,2025,-320,,Personal,false
Music Forening,REA,👨 Carlos,01/02/25,February,2025,-252,,Personal,false
Rejsekort,REA,👨 Carlos,01/02/25,February,2025,-164,,Personal,false
Presents,REA,👨 Carlos,01/02/25,February,2025,-75,OLZM leaving work,Personal,false
Misc,REA,👨 Carlos,01/02/25,February,2025,-1143,VPN router & FFVII rebirth,Personal,false
Psicologist,REA,👨 Carlos,01/02/25,February,2025,-595,,Personal,false
Clothes,REA,👨 Carlos,01/03/25,March,2025,-746,"New shoes Decathlon, watch band",Personal,false
Bars & Restaurants,REA,👨 Carlos,01/03/25,March,2025,-1175,Barcelona 🛒 Groceries,Personal,false
Music Forening,REA,👨 Carlos,01/03/25,March,2025,-252,,Personal,false
Rejsekort,REA,👨 Carlos,01/03/25,March,2025,-372,Barcelona commute Airport,Personal,false
Bank fees,REA,👨 Carlos,01/03/25,March,2025,-75,,Personal,false
Subscriptions,REA,👨 Carlos,01/03/25,March,2025,-109,Spotify,Personal,false
Misc,REA,👨 Carlos,01/03/25,March,2025,-387,New Scientist,Personal,false
Psicologist,REA,👨 Carlos,01/03/25,March,2025,-597,,Personal,false
Psicologist,REA,👨 Carlos,01/04/25,April,2025,-298,,Personal,false
Subscriptions,REA,👨 Carlos,01/04/25,April,2025,-109,Spotify,Personal,false
Bars & Restaurants,REA,👨 Carlos,01/04/25,April,2025,-776,,Personal,false
Music Forening,REA,👨 Carlos,01/04/25,April,2025,-252,,Personal,false
Rejsekort,REA,👨 Carlos,01/04/25,April,2025,-179,,Personal,false
Bank fees,REA,👨 Carlos,01/04/25,April,2025,-75,,Personal,false
Subscriptions,REA,👨 Carlos,01/05/25,May,2025,-109,Spotify,Personal,false
Bars & Restaurants,REA,👨 Carlos,01/05/25,May,2025,-170,,Personal,false
Music Forening,REA,👨 Carlos,01/05/25,May,2025,-252,,Personal,false
Rejsekort,REA,👨 Carlos,01/05/25,May,2025,-125,,Personal,false
Bank fees,REA,👨 Carlos,01/05/25,May,2025,-780,All year Revolut,Personal,false
Misc,REA,👨 Carlos,01/05/25,May,2025,-100,Sammarreta i botella,Personal,false
Psicologist,REA,👨 Carlos,01/05/25,May,2025,-298,,Personal,false
Gasoline,REA,🚗 Car,01/06/25,June,2025,-600,,Joint,false
Insurance,REA,🚗 Car,01/06/25,June,2025,-390,,Joint,false
Misc,REA,👶 Kids,01/07/25,July,2025,-403,"Stickers tattos, slide for outside",Joint,false
Misc,REA,🚗 Car,01/07/25,July,2025,-70,,Joint,false
Gasoline,REA,🚗 Car,01/07/25,July,2025,-723,,Joint,false
Misc,REA,🚗 Car,01/07/25,July,2025,-365,Brobizz subscription,Joint,false
Gasoline,REA,🚗 Car,01/08/25,August,2025,-2335,,Joint,false
Insurance,REA,🚗 Car,01/07/25,July,2025,-390,,Joint,false
Akasse,REA,👩 Anna,01/07/25,July,2025,-1497,,Anna,false
Misc,REA,🚗 Car,01/08/25,August,2025,-70,parking,Joint,false
Insurance,REA,🚗 Car,01/08/25,August,2025,-389,,Joint,false
Ejer afgifter,REA,🚗 Car,01/09/25,September,2025,-2370,,Joint,false
Gasoline,REA,🚗 Car,01/09/25,September,2025,-1200,,Joint,false
Insurance,REA,🚗 Car,01/09/25,September,2025,-389,,Joint,false
Bike repair,REA,👩 Anna,01/08/25,August,2025,-11264,New bike and accessories,Anna,false
Cafe/bar/restaurant,REA,👩 Anna,01/08/25,August,2025,-337,,Anna,false
Clothes,REA,👩 Anna,01/08/25,August,2025,-250,,Anna,false
Hobby,REA,👩 Anna,01/08/25,August,2025,-521,Paintings,Anna,false
Misc,REA,👩 Anna,01/08/25,August,2025,-220,vikinge museujm,Anna,false
Misc,REA,👩 Anna,01/08/25,August,2025,2000,sold bike,Anna,true
Car Service,REA,🚗 Car,01/12/25,December,2025,-12100,"Fixing key, big service",Joint,false
Gasoline,REA,🚗 Car,01/10/25,October,2025,-751,,Joint,false
Gasoline,REA,🚗 Car,01/12/25,December,2025,-676,Anna betalt,Joint,false
Insurance,REA,🚗 Car,01/10/25,October,2025,-389,,Joint,false
Insurance,REA,🚗 Car,01/12/25,December,2025,-389,,Joint,false
Akasse,REA,👩 Anna,01/10/25,October,2025,-1497,,Anna,false
Cafe/bar/restaurant,REA,👩 Anna,01/10/25,October,2025,-544,DEJ,Anna,false
Gasoline,REA,🚗 Car,01/11/25,November,2025,-724,,Joint,false
Insurance,REA,🚗 Car,01/11/25,November,2025,-389,,Joint,false
Cafe/bar/restaurant,REA,👩 Anna,01/12/25,December,2025,-765,"Glogg tivoli, DEJ",Anna,false
Clothes,REA,👩 Anna,01/12/25,December,2025,-61,,Anna,false
Hobby,REA,👩 Anna,01/12/25,December,2025,-1800,"kor til H1 2026,  blomsterværksted",Anna,false
Misc,REA,👩 Anna,01/12/25,December,2025,-841,"Spejderfest, gasoline",Anna,false
Bars & Restaurants,REA,🎉 Entertainment,01/01/25,January,2025,-1386,,Joint,false
Netflix,REA,🎉 Entertainment,01/01/25,January,2025,-89,,Joint,false
Disney+,REA,🎉 Entertainment,01/01/25,January,2025,-74,,Joint,false
Bars & Restaurants,REA,🎉 Entertainment,01/02/25,February,2025,-680,,Joint,false
Subscriptions,REA,🎉 Entertainment,01/02/25,February,2025,-45,Disney+,Joint,false
Bars & Restaurants,REA,🎉 Entertainment,01/03/25,March,2025,-1222,,Joint,false
Subscriptions,REA,🎉 Entertainment,01/03/25,March,2025,-58,Disney+,Joint,false
Bars & Restaurants,REA,🎉 Entertainment,01/04/25,April,2025,-664,,Joint,false
Subscriptions,REA,🎉 Entertainment,01/04/25,April,2025,-138,Disney+,Joint,false
Food,REA,🛒 Groceries,01/04/24,April,2024,-6236,,Joint,false
Bars & Restaurants,REA,🎉 Entertainment,01/05/25,May,2025,-1952,,Joint,false
Subscriptions,REA,🎉 Entertainment,01/05/25,May,2025,-49,Disney +,Joint,false
Cafe/bar/restaurant,REA,👩 Anna,01/06/25,June,2025,-320,,Anna,false
Clothes,REA,👩 Anna,01/06/25,June,2025,-120,,Anna,false
Hobby,REA,👩 Anna,01/06/25,June,2025,-1603,choir for start september,Anna,false
Massages,REA,💊 Health,01/04/24,April,2024,-500,massage,Joint,false
Presents,REA,👩 Anna,01/08/25,August,2025,-250,,Anna,false
Massages,REA,💊 Health,01/04/24,April,2024,-1000,Thai massage,Joint,false
Dentist,REA,👩 Anna,01/08/25,August,2025,-1433,,Anna,false
Pharmacy,REA,💊 Health,01/04/24,April,2024,-411,Laia medicine & creme,Joint,false
Cafe/bar/restaurant,REA,👩 Anna,01/09/25,September,2025,-1180,,Anna,false
Hobby,REA,👩 Anna,01/09/25,September,2025,-56,,Anna,false
Psicologist,REA,👩 Anna,01/04/24,April,2024,-372,,Anna,false
Hobby,REA,👩 Anna,01/10/25,October,2025,-935,"concert w. mom (4/8), + dr shefali concious group",Anna,false
Misc,REA,👩 Anna,01/10/25,October,2025,-200,,Anna,false
Presents,REA,👩 Anna,01/12/25,December,2025,-1906,"december present carlos, Ida pan + shoes, Hannah",Anna,false
Psicologist,REA,👨 Carlos,01/04/24,April,2024,-600,,Personal,false
Rejsekort,REA,👩 Anna,01/12/25,December,2025,-104,,Anna,false
Presents,REA,👩 Anna,01/10/25,October,2025,-350,jeanette gave,Anna,false
Rejsekort,REA,👩 Anna,01/10/25,October,2025,-44,,Anna,false
Cafe/bar/restaurant,REA,👩 Anna,01/11/25,November,2025,-255,,Anna,false
Clothes,REA,👩 Anna,01/11/25,November,2025,-167,,Anna,false
Food,REA,🛒 Groceries,01/01/25,January,2025,-3081,,Joint,false
Food,REA,🛒 Groceries,01/02/25,February,2025,-5697,shopping berlin,Joint,false
Food,REA,🛒 Groceries,01/03/25,March,2025,-4911,,Joint,false
Food,REA,🛒 Groceries,01/04/25,April,2025,-4584,,Joint,false
Food,REA,🛒 Groceries,01/05/25,May,2025,-5141,,Joint,false
Misc,REA,👩 Anna,01/06/25,June,2025,-664,food snacks + charity + gebyr + earplugs+ parking,Anna,false
Misc,REA,👩 Anna,01/09/25,September,2025,-470,frisør,Anna,false
Misc,REA,👩 Anna,01/11/25,November,2025,-1900,Withings ur og remme,Anna,false
Massages,REA,💊 Health,01/01/25,January,2025,-462,Spa Frederiksberg,Joint,false
Pharmacy,REA,💊 Health,01/01/25,January,2025,-396,Svampe medicin Carlos,Joint,false
Pharmacy,REA,💊 Health,01/02/25,February,2025,-95,,Joint,false
Pharmacy,REA,💊 Health,01/03/25,March,2025,-101,,Joint,false
Pharmacy,REA,💊 Health,01/04/25,April,2025,-412,Creams for Joana & Antibiotics,Joint,false
Pharmacy,REA,💊 Health,01/05/25,May,2025,-274,,Joint,false
Presents,REA,👩 Anna,01/06/25,June,2025,-2087,carlos present and drinks w. mom ida + present signe,Anna,false
Cafe/bar/restaurant,REA,👩 Anna,01/07/25,July,2025,-295,,Anna,false
Rejsekort,REA,👩 Anna,01/09/25,September,2025,-60,,Anna,false
Bars & Restaurants,REA,👨 Carlos,01/10/25,October,2025,-430,,Personal,false
Rejsekort,REA,👩 Anna,01/11/25,November,2025,-300,taget fra faelles ved fej,Anna,false
Travel personal,REA,👩 Anna,01/11/25,November,2025,-2800,Vipassana ophold og bil leje,Anna,false
Bars & Restaurants,REA,👨 Carlos,01/12/25,December,2025,-749,,Personal,false
Anna's Salary,REA,💰 Income,01/01/25,January,2025,24696,,Joint,false
Børne og Unge Ydelse,REA,💰 Income,01/01/25,January,2025,4852,,Joint,false
Børne og Unge Ydelse,REA,💰 Income,01/01/25,January,2025,4852,,Joint,false
Carlos Salary,REA,💰 Income,01/01/25,January,2025,35943,,Joint,false
Anna's Salary,REA,💰 Income,01/02/25,February,2025,24532,,Joint,false
Anna Skat Return,REA,💰 Income,01/04/24,April,2024,8600,,Joint,false
Anna's Salary,REA,💰 Income,01/04/24,April,2024,70000,,Joint,false
Carlos Salary,REA,💰 Income,01/02/25,February,2025,35539,,Joint,false
Misc,REA,💰 Income,01/02/25,February,2025,2700,Selling stroller,Joint,false
Anna's Salary,REA,💰 Income,01/03/25,March,2025,51127,,Joint,false
Børne og Unge Ydelse,REA,💰 Income,01/04/24,April,2024,3850,,Joint,false
Carlos Salary,REA,💰 Income,01/03/25,March,2025,78888,,Joint,false
Carlos Skat return,REA,💰 Income,01/03/25,March,2025,-5880,,Joint,false
Anna Skat Return,REA,💰 Income,01/04/25,April,2025,14331,,Joint,false
Anna's Salary,REA,💰 Income,01/04/25,April,2025,24858,,Joint,false
Børne og Unge Ydelse,REA,💰 Income,01/04/25,April,2025,4348,,Joint,false
Børne og Unge Ydelse,REA,💰 Income,01/04/24,April,2024,3844,,Joint,false
Børne og Unge Ydelse,REA,💰 Income,01/04/25,April,2025,4348,,Joint,false
Carlos Salary,REA,💰 Income,01/04/25,April,2025,36554,,Joint,false
Carlos Skat return,REA,💰 Income,01/04/25,April,2025,-5880,,Joint,false
Anna Skat Return,REA,💰 Income,01/05/25,May,2025,-613,Extra skat 2023,Joint,false
Anna's Salary,REA,💰 Income,01/05/25,May,2025,25189,,Joint,false
Carlos Salary,REA,💰 Income,01/05/25,May,2025,36610,,Joint,false
Carlos Salary,REA,💰 Income,01/04/24,April,2024,75000,,Joint,false
Psicologist,REA,👩 Anna,01/06/25,June,2025,-191,,Anna,false
Rejsekort,REA,👩 Anna,01/06/25,June,2025,-67,,Anna,false
Clothes,REA,👨 Carlos,01/06/25,June,2025,-125,2nd hand Shirts,Personal,false
Bars & Restaurants,REA,👨 Carlos,01/06/25,June,2025,-370,,Personal,false
Music Forening,REA,👨 Carlos,01/06/25,June,2025,-252,,Personal,false
Clothes,REA,👩 Anna,01/07/25,July,2025,-150,,Anna,false
Misc,REA,👩 Anna,01/07/25,July,2025,-420,"miriam srom,  google one",Anna,false
Travel personal,REA,👩 Anna,01/09/25,September,2025,-515,Sommerhus med katie,Anna,false
Flight Tickets,REA,👨 Carlos,01/09/25,September,2025,-1474,Barelona September,Personal,false
Travel personal,REA,👨 Carlos,01/09/25,September,2025,-1460,Refugees Hiking trip,Personal,false
Bars & Restaurants,REA,👨 Carlos,01/08/25,August,2025,-172,,Personal,false
Music Forening,REA,👨 Carlos,01/08/25,August,2025,-252,,Personal,false
Rejsekort,REA,👨 Carlos,01/08/25,August,2025,-126,,Personal,false
Subscriptions,REA,👨 Carlos,01/08/25,August,2025,-109,,Personal,false
Psicologist,REA,👨 Carlos,01/08/25,August,2025,-298,,Personal,false
Presents,REA,👨 Carlos,01/09/25,September,2025,-40,Rune's collegue farewell,Personal,false
Clothes,REA,👨 Carlos,01/10/25,October,2025,-1768,Shoes x 3 and running pants,Personal,false
Bike repair,REA,👨 Carlos,01/12/25,December,2025,-3000,3k on bike maintanance,Personal,false
Subscriptions,REA,👨 Carlos,01/12/25,December,2025,-7,,Personal,false
Music Forening,REA,👨 Carlos,01/12/25,December,2025,-252,,Personal,false
Rejsekort,REA,👨 Carlos,01/12/25,December,2025,-898,,Personal,false
Music Forening,REA,👨 Carlos,01/10/25,October,2025,-252,,Personal,false
Presents,REA,👨 Carlos,01/12/25,December,2025,-2165,Cumple mama i Nadal,Personal,false
Presents,REA,👨 Carlos,01/10/25,October,2025,-900,,Personal,false
Phone,REA,👨 Carlos,01/12/25,December,2025,-175,From gross salary,Personal,false
Psicologist,REA,👨 Carlos,01/10/25,October,2025,-598,,Personal,false
Psicologist,REA,👨 Carlos,01/12/25,December,2025,-597,,Personal,false
Akasse,REA,👨 Carlos,01/11/25,November,2025,-1746,,Personal,false
Bars & Restaurants,REA,👨 Carlos,01/11/25,November,2025,-350,,Personal,false
Misc,REA,👨 Carlos,01/11/25,November,2025,-60,Fine for bibliotek,Personal,false
Donations,REA,👨 Carlos,01/11/25,November,2025,-627,UNRWA,Personal,false
Danmark forsikring,REA,💊 Health,01/01/25,January,2025,-735,Carlos,Joint,false
Content Insurance,REA,🏠 Home,01/01/25,January,2025,-190,,Joint,false
Content Insurance,REA,🏠 Home,01/02/25,February,2025,-150,,Joint,false
Content Insurance,REA,🏠 Home,01/03/25,March,2025,-150,,Joint,false
Danmark forsikring,REA,💊 Health,01/04/25,April,2025,-838,Carlos anna,Joint,false
Content Insurance,REA,🏠 Home,01/04/25,April,2025,-150,,Joint,false
Danmark forsikring,REA,💊 Health,01/04/24,April,2024,-1300,,Joint,false
Content Insurance,REA,🏠 Home,01/05/25,May,2025,-151,,Joint,false
Rejsekort,REA,👨 Carlos,01/06/25,June,2025,-468,STA in Ørestad,Personal,false
Subscriptions,REA,👨 Carlos,01/06/25,June,2025,-239,High note + Spotify,Personal,false
Content Insurance,REA,🏠 Home,01/04/24,April,2024,-149,,Joint,false
Subscriptions,REA,👨 Carlos,01/09/25,September,2025,-109,Spotify,Personal,false
Bars & Restaurants,REA,👨 Carlos,01/09/25,September,2025,-1052,Barcelona,Personal,false
Music Forening,REA,👨 Carlos,01/09/25,September,2025,-352,,Personal,false
Rejsekort,REA,👨 Carlos,01/09/25,September,2025,-72,,Personal,false
Rejsekort,REA,👨 Carlos,01/10/25,October,2025,-91,,Personal,false
Music Forening,REA,👨 Carlos,01/11/25,November,2025,-252,,Personal,false
Subscriptions,REA,👨 Carlos,01/10/25,October,2025,-75,Movistar+,Personal,false
Presents,REA,👨 Carlos,01/11/25,November,2025,-2400,Olya's farewell & Pagament festa mama,Personal,false
Psicologist,REA,👨 Carlos,01/11/25,November,2025,-302,,Personal,false
Rejsekort,REA,👨 Carlos,01/11/25,November,2025,-209,,Personal,false
Activities,REA,👶 Kids,01/04/24,April,2024,-115,Pool,Joint,false
Activities,REA,👶 Kids,01/01/25,January,2025,-710,"Gimnastik, Legeland, Pool",Joint,false
Kindergarden,REA,👶 Kids,01/01/25,January,2025,-7332,,Joint,false
Activities,REA,👶 Kids,01/02/25,February,2025,-430,"Vestbad, Legeland",Joint,false
Clothes,REA,👶 Kids,01/02/25,February,2025,-312,?,Joint,false
Kindergarden,REA,👶 Kids,01/02/25,February,2025,-6117,,Joint,false
Activities,REA,👶 Kids,01/03/25,March,2025,-210,Vestbadet + farm,Joint,false
Clothes,REA,👶 Kids,01/03/25,March,2025,-440,Thermodragts,Joint,false
Kindergarden,REA,👶 Kids,01/03/25,March,2025,-6117,,Joint,false
Misc,REA,👶 Kids,01/03/25,March,2025,-172,stroller,Joint,false
Kindergarden,REA,👶 Kids,01/04/24,April,2024,-4171,,Joint,false
Activities,REA,👶 Kids,01/04/25,April,2025,-450,Vestbadet og krumspring gymnastik,Joint,false
Clothes,REA,👶 Kids,01/04/25,April,2025,-300,Krumspring.dk?,Joint,false
Kindergarden,REA,👶 Kids,01/04/25,April,2025,-6117,,Joint,false
Misc,REA,👶 Kids,01/04/25,April,2025,-250,Sleeping bag Joana,Joint,false
Clothes,REA,👶 Kids,01/05/25,May,2025,-2050,Shoes,Joint,false
Kindergarden,REA,👶 Kids,01/05/25,May,2025,-6117,,Joint,false
Presents,REA,👨 Carlos,01/06/25,June,2025,-25,Denice from work,Personal,false
Psicologist,REA,👨 Carlos,01/06/25,June,2025,-599,,Personal,false
Bars & Restaurants,REA,🎉 Entertainment,01/06/25,June,2025,-1258,,Joint,false
Clothes,REA,👨 Carlos,01/07/25,July,2025,-874,"Clothes, Volley ball",Personal,false
Subscriptions,REA,👨 Carlos,01/07/25,July,2025,-109,Spotify,Personal,false
Bars & Restaurants,REA,👨 Carlos,01/07/25,July,2025,-89,,Personal,false
Psicologist,REA,👨 Carlos,01/09/25,September,2025,-599,,Personal,false
Bars & Restaurants,REA,🎉 Entertainment,01/08/25,August,2025,-1671,,Joint,false
Subscriptions,REA,🎉 Entertainment,01/08/25,August,2025,-89,Disney+,Joint,false
Subscriptions,REA,👨 Carlos,01/11/25,November,2025,-76,Movistar+,Personal,false
Bars & Restaurants,REA,🎉 Entertainment,01/10/25,October,2025,-517,,Joint,false
Bars & Restaurants,REA,🎉 Entertainment,01/12/25,December,2025,-2300,Barcelona,Joint,false
Subscriptions,REA,🎉 Entertainment,01/12/25,December,2025,-141,,Joint,false
Presents,REA,🎁 Presents,01/01/25,January,2025,-1529,Concert Nadal Papes + emil dogsledding,Joint,false
Presents,REA,🎁 Presents,01/04/25,April,2025,-930,mom present,Joint,false
Presents,REA,🎁 Presents,01/05/25,May,2025,-2408,Tivoli present to Peter & Gitte,Joint,false
Music Forening,REA,👨 Carlos,01/07/25,July,2025,-250,,Personal,false
Gear,REA,🛍️ Shopping,01/04/24,April,2024,-5924,New Camping Tent,Joint,false
Subscriptions,REA,🎉 Entertainment,01/10/25,October,2025,-89,Netflix,Joint,false
Bars & Restaurants,REA,🎉 Entertainment,01/11/25,November,2025,-475,,Joint,false
Gear,REA,🛍️ Shopping,01/03/25,March,2025,-260,Ready beds for girls,Joint,false
Gear,REA,🛍️ Shopping,01/04/25,April,2025,-329,USB adapter + joana sleeping bag,Joint,false
Subscriptions,REA,🎉 Entertainment,01/06/25,June,2025,-49,Disney+,Joint,false
Netflix,REA,🎉 Entertainment,01/11/25,November,2025,-89,,Joint,false
Transport,REA,✈️ Traveling,01/01/25,January,2025,-805,Carlo's parents tank / Taxi Airport,Joint,false
Transport,REA,✈️ Traveling,01/04/25,April,2025,-425,Ferry from Rødby,Joint,false
Pharmacy,REA,💊 Health,01/06/25,June,2025,-326,,Joint,false
Dentist,REA,👨 Carlos,01/07/25,July,2025,-562,,Personal,false
Psicologist,REA,👨 Carlos,01/07/25,July,2025,-299,,Personal,false
Subscriptions,REA,🎉 Entertainment,01/07/25,July,2025,-89,Disney+,Joint,false
Pharmacy,REA,💊 Health,01/07/25,July,2025,-185,Anti ticks,Joint,false
Danmark forsikring,REA,💊 Health,01/07/25,July,2025,-838,,Joint,false
Subscriptions,REA,🎉 Entertainment,01/09/25,September,2025,-89,Disney+,Joint,false
Danmark forsikring,REA,💊 Health,01/08/25,August,2025,908,Refund?,Joint,true
Danmark forsikring,REA,💊 Health,01/10/25,October,2025,-838,,Joint,false
Pharmacy,REA,💊 Health,01/12/25,December,2025,-73,,Joint,false
Danmark forsikring,REA,💊 Health,01/11/25,November,2025,586,Return Anna,Joint,true
Electricity,REA,🏠 Home,01/04/24,April,2024,-629,,Joint,false
Electricity,REA,🏠 Home,01/01/25,January,2025,-672,,Joint,false
Hot Water / Gas,REA,🏠 Home,01/01/25,January,2025,-450,,Joint,false
Water,REA,🏠 Home,01/01/25,January,2025,-200,,Joint,false
Electricity,REA,🏠 Home,01/02/25,February,2025,-616,,Joint,false
Hot Water / Gas,REA,🏠 Home,01/02/25,February,2025,-450,,Joint,false
Water,REA,🏠 Home,01/02/25,February,2025,-1064,Adjusting yearly water expenses,Joint,false
Hot Water / Gas,REA,🏠 Home,01/04/24,April,2024,-650,,Joint,false
Electricity,REA,🏠 Home,01/03/25,March,2025,-200,,Joint,false
Hot Water / Gas,REA,🏠 Home,01/03/25,March,2025,-550,,Joint,false
Water,REA,🏠 Home,01/03/25,March,2025,-585,,Joint,false
Electricity,REA,🏠 Home,01/04/25,April,2025,-550,,Joint,false
Hot Water / Gas,REA,🏠 Home,01/04/25,April,2025,-585,,Joint,false
Water,REA,🏠 Home,01/04/25,April,2025,-200,,Joint,false
Water,REA,🏠 Home,01/04/24,April,2024,-300,,Joint,false
Electricity,REA,🏠 Home,01/05/25,May,2025,-405,,Joint,false
Hot Water / Gas,REA,🏠 Home,01/05/25,May,2025,-1898,,Joint,false
Water,REA,🏠 Home,01/05/25,May,2025,-200,,Joint,false
Furniture Misc,REA,🏠 Home,01/06/25,June,2025,-624,Gardening+ biltema wood for shelf,Joint,false
Furniture Misc,REA,🏠 Home,01/07/25,July,2025,-2365,"IKEA trip, Jysk Jem og fix",Joint,false
Gear,REA,🛍️ Shopping,01/07/25,July,2025,-842,Camping kitchen + Camping chairs,Joint,false
Furniture Misc,REA,🏠 Home,01/09/25,September,2025,-352,Rechargable batteries,Joint,false
Massages,REA,💊 Health,01/11/25,November,2025,-50,Antibiotics,Joint,false
Pharmacy,REA,💊 Health,01/10/25,October,2025,-733,"Vitamins, Anna medicine",Joint,false
Presents,REA,🎁 Presents,01/12/25,December,2025,-543,Lene louisiana,Joint,false
Gear,REA,🛍️ Shopping,01/11/25,November,2025,-352,Plantorama Harald nybord,Joint,false
Bike repair,REA,👩 Anna,01/01/26,January,2026,1,,Anna,true
Presents,REA,👩 Anna,01/01/26,January,2026,-30,,Anna,false
Bike repair,REA,👩 Anna,01/02/26,February,2026,-60,,Anna,false
Cafe/bar/restaurant,REA,👩 Anna,01/02/26,February,2026,-400,,Anna,false
Dentist,REA,👩 Anna,01/02/26,February,2026,-641,,Anna,false
Cafe/bar/restaurant,REA,👩 Anna,01/03/26,March,2026,-1611,,Anna,false
Hobby,REA,👩 Anna,01/03/26,March,2026,-55,,Anna,false
Misc,REA,👩 Anna,01/03/26,March,2026,-933,medicine + concert,Anna,false
Presents,REA,👩 Anna,01/03/26,March,2026,-40,,Anna,false
Akasse,REA,👩 Anna,01/04/26,April,2026,-1551,,Anna,false
Cafe/bar/restaurant,REA,👩 Anna,01/04/26,April,2026,-304,,Anna,false
Misc,REA,👩 Anna,01/04/26,April,2026,-410,google storage + wine,Anna,false
Presents,REA,👩 Anna,01/04/26,April,2026,-384,flora barnedåb,Anna,false
Rejsekort,REA,👩 Anna,01/04/26,April,2026,-60,,Anna,false
Cleaning,REA,🏠 Home,01/01/26,January,2026,-900,,Joint,false
Furniture & Misc,REA,🏠 Home,01/01/26,January,2026,-3427,Paint and tools,Joint,false
Rent,REA,🏠 Home,01/01/26,January,2026,-12823,,Joint,false
Cleaning,REA,🏠 Home,01/02/26,February,2026,-800,,Joint,false
Furniture & Misc,REA,🏠 Home,01/02/26,February,2026,-11577,"Paint, Appliances, Moving needs",Joint,false
Rent,REA,🏠 Home,01/02/26,February,2026,-12823,,Joint,false
Cleaning,REA,🏠 Home,01/03/26,March,2026,-2395,,Joint,false
Furniture Misc,REA,🏠 Home,01/03/26,March,2026,-9810,"transfer to Anna's dad for Oil, paint / IKEA, Gardiner / Bunk bed...",Joint,true
Flight Tickets,REA,✈️ Traveling,01/09/26,September,2026,-3312,Menorca flights (Part yaya included),Joint,false
Transport,REA,✈️ Traveling,01/09/26,September,2026,-1639,Alquiler Cotxe,Joint,false
Gasoline,REA,🚗 Car,01/01/26,January,2026,-1000,,Joint,false
Misc,REA,🚗 Car,01/01/26,January,2026,-70,light bulb and parking,Joint,false
Insurance,REA,🚗 Car,01/01/26,January,2026,-408,,Joint,false
Gasoline,REA,🚗 Car,01/02/26,February,2026,-779,,Joint,false
Misc,REA,🚗 Car,01/02/26,February,2026,-150,Thule part replacement,Joint,false
Insurance,REA,🚗 Car,01/02/26,February,2026,-403,,Joint,false
Ejer afgifter,REA,🚗 Car,01/03/26,March,2026,-2480,,Joint,false
Gasoline,REA,🚗 Car,01/03/26,March,2026,-1869,,Joint,false
Misc,REA,🚗 Car,01/03/26,March,2026,-1080,Road assistance,Joint,false
Insurance,REA,🚗 Car,01/03/26,March,2026,-403,Vejhelp,Joint,false
Akasse,REA,👨 Carlos,01/01/26,January,2026,-1551,,Personal,false
Clothes,REA,👨 Carlos,01/01/26,January,2026,-949,,Personal,false
Phone,REA,👨 Carlos,01/01/26,January,2026,-175,From gross salary,Personal,false
Bars & Restaurants,REA,👨 Carlos,01/01/26,January,2026,-600,,Personal,true
Music Forening,REA,👨 Carlos,01/01/26,January,2026,-302,,Personal,false
Rejsekort,REA,👨 Carlos,01/01/26,January,2026,-790,,Personal,false
Misc,REA,👨 Carlos,01/01/26,January,2026,-333,"Antibiotics, Massages from gross salary",Personal,false
Dentist,REA,👨 Carlos,01/01/26,January,2026,-754,,Personal,false
Psicologist,REA,👨 Carlos,01/01/26,January,2026,-373,,Personal,false
Phone,REA,👨 Carlos,01/02/26,February,2026,-175,From gross salary,Personal,false
Bars & Restaurants,REA,👨 Carlos,01/02/26,February,2026,-104,,Personal,false
Music Forening,REA,👨 Carlos,01/02/26,February,2026,-302,,Personal,false
Rejsekort,REA,👨 Carlos,01/02/26,February,2026,-677,From gross salary,Personal,false
Misc,REA,👨 Carlos,01/02/26,February,2026,-183,Massage from gross salary,Personal,false
Psicologist,REA,👨 Carlos,01/02/26,February,2026,-372,,Personal,false
Akasse,REA,👨 Carlos,01/03/26,March,2026,-1551,,Personal,false
Bars & Restaurants,REA,👨 Carlos,01/03/26,March,2026,-105,,Personal,false
Music Forening,REA,👨 Carlos,01/03/26,March,2026,-302,,Personal,false
Rejsekort,REA,👨 Carlos,01/03/26,March,2026,-677,,Personal,false
Phone,REA,👨 Carlos,01/03/26,March,2026,-175,,Personal,false
Subscriptions,REA,👨 Carlos,01/03/26,March,2026,-60,spotify,Personal,false
Misc,REA,👨 Carlos,01/03/26,March,2026,-183,Massage from gross salary,Personal,false
Psicologist,REA,👨 Carlos,01/03/26,March,2026,-746,,Personal,false
Activities,REA,🎉 Entertainment,01/01/26,January,2026,-40,,Joint,false
Bars & Restaurants,REA,🎉 Entertainment,01/01/26,January,2026,-1862,,Joint,false
Subscriptions,REA,🎉 Entertainment,01/01/26,January,2026,-141,,Joint,false
Bars & Restaurants,REA,🎉 Entertainment,01/02/26,February,2026,-1641,,Joint,false
Subscriptions,REA,🎉 Entertainment,01/02/26,February,2026,-141,,Joint,false
Bars & Restaurants,REA,🎉 Entertainment,01/03/26,March,2026,-361,,Joint,false
Subscriptions,REA,🎉 Entertainment,01/03/26,March,2026,-141,Netflix,Joint,false
Food,REA,🛒 Groceries,01/01/26,January,2026,-3727,,Joint,false
Food,REA,🛒 Groceries,01/02/26,February,2026,-5688,,Joint,false
Food,REA,🛒 Groceries,01/03/26,March,2026,-5604,,Joint,false
Pharmacy,REA,💊 Health,01/01/26,January,2026,-87,,Joint,false
Pharmacy,REA,💊 Health,01/03/26,March,2026,-57,,Joint,false
Anna's Salary,REA,💰 Income,01/01/26,January,2026,32106,,Joint,false
Børne og Unge Ydelse,REA,💰 Income,01/01/26,January,2026,4809,,Joint,false
Børne og Unge Ydelse,REA,💰 Income,01/01/26,January,2026,4809,,Joint,false
Carlos Salary,REA,💰 Income,01/01/26,January,2026,42165,,Joint,false
Anna's Salary,REA,💰 Income,01/02/26,February,2026,32050,,Joint,false
Carlos Salary,REA,💰 Income,01/02/26,February,2026,37651,,Joint,false
Anna's Salary,REA,💰 Income,01/03/26,March,2026,49404,,Joint,false
Carlos Salary,REA,💰 Income,01/03/26,March,2026,57150,,Joint,false
Danmark forsikring,REA,💊 Health,01/01/26,January,2026,-870,,Joint,false
Content Insurance,REA,🏠 Home,01/01/26,January,2026,-235,,Joint,false
House Insurance,REA,🏠 Home,01/02/26,February,2026,-7816,,Joint,false
House Insurance,REA,🏠 Home,01/02/26,February,2026,6711,Refusionopgorelse,Joint,true
Content Insurance,REA,🏠 Home,01/02/26,February,2026,-235,,Joint,false
Content Insurance,REA,🏠 Home,01/03/26,March,2026,-242,,Joint,false
Danmark forsikring,REA,💊 Health,01/04/26,April,2026,-435,,Joint,false
Clothes,REA,👶 Kids,01/01/26,January,2026,-530,,Joint,false
Kindergarden,REA,👶 Kids,01/01/26,January,2026,-6856,,Joint,false
Clothes,REA,👶 Kids,01/02/26,February,2026,-223,,Joint,false
Kindergarden,REA,👶 Kids,01/02/26,February,2026,-6856,,Joint,false
Activities,REA,👶 Kids,01/03/26,March,2026,-387,legeland,Joint,false
Clothes,REA,👶 Kids,01/03/26,March,2026,-1204,Helmet & Pijamas,Joint,false
Kindergarden,REA,👶 Kids,01/03/26,March,2026,-6856,,Joint,false
Presents,REA,🎁 Presents,01/01/26,January,2026,-1118,"avi, yaya and elna",Joint,false
Presents,REA,🎁 Presents,01/02/26,February,2026,-900,Emil's & Laia's birthday,Joint,false
Presents,REA,🎁 Presents,01/03/26,March,2026,-278,Annas mum present,Joint,false
Transport,REA,✈️ Traveling,01/01/26,January,2026,-247,Taxi to Airport,Joint,false
Electricity,REA,🏠 Home,01/01/26,January,2026,-584,,Joint,false
Hot Water / Gas,REA,🏠 Home,01/01/26,January,2026,-885,,Joint,false
Water,REA,🏠 Home,01/01/26,January,2026,-200,,Joint,false
Electricity,REA,🏠 Home,01/02/26,February,2026,-494,,Joint,false
Hot Water / Gas,REA,🏠 Home,01/02/26,February,2026,-885,,Joint,false
Water,REA,🏠 Home,01/02/26,February,2026,-200,,Joint,false
Electricity,REA,🏠 Home,01/03/26,March,2026,-402,,Joint,false
Mortgage,REA,🏠 Home,01/03/26,March,2026,-30574,,Joint,false
Furniture & Misc,REA,🏠 Home,01/03/26,March,2026,-668,,Joint,false
House Insurance,REA,🏠 Home,01/04/26,April,2026,-403.13,Tryg,joint,false
Kindergarden,REA,👶 Kids,01/04/26,April,2026,-6856.5,Rødovre Kommune,joint,false
Electricity,REA,🏠 Home,01/04/26,April,2026,-468.58,Andel Energi A/S,joint,false
House Insurance,REA,🏠 Home,01/04/26,April,2026,-238.92,Gf-Forsikring A/S,joint,false
Food,REA,🛒 Groceries,01/04/26,April,2026,-90.12,SALLING: NETTO SCAN,joint,false
Bike repair,REA,👩 Anna,01/04/26,April,2026,-174.5,Fri BikeShop Roskild,joint,false
Bars & Restaurants,REA,🎉 Entertainment,01/04/26,April,2026,-176,SP Ismageriet,joint,false
Rent,REA,🏠 Home,01/04/26,April,2026,114,Bastard cafe,joint,true
Rent,REA,🏠 Home,01/04/26,April,2026,48,Bastard cafe,joint,true
Furniture & Misc,REA,🏠 Home,01/04/26,April,2026,-450,MobilePay Nikoline Grønbeck Bryde,joint,false
Furniture & Misc,REA,🏠 Home,01/04/26,April,2026,-150,MobilePay Gitte Lundfort,joint,false
Furniture & Misc,REA,🏠 Home,01/04/26,April,2026,-100,MobilePay Elizabeth Ebbekær Brautsc,joint,false
Electricity,REA,🏠 Home,07/04/26,April,2026,-1069.43,Andel Energi A/S,joint,false
Bars & Restaurants,REA,🎉 Entertainment,07/04/26,April,2026,-158,BASTARD CAF±,joint,false
Hot Water / Gas,REA,🏠 Home,07/04/26,April,2026,-722,elvvs.dk,joint,false
Bars & Restaurants,REA,🎉 Entertainment,07/04/26,April,2026,-97.95,MIN K@BMAND RÅG,joint,false
Cleaning,REA,🏠 Home,07/04/26,April,2026,-557,Happyhelper Dk,joint,false
Food,REA,🛒 Groceries,07/04/26,April,2026,-45,Carlsro Super,joint,false
Food,REA,🛒 Groceries,07/04/26,April,2026,-975.84,SPAR R@RVIG APS,joint,false
Food,REA,🛒 Groceries,09/04/26,April,2026,-136.93,SALLING: NETTO SCAN,joint,false
Bars & Restaurants,REA,🎉 Entertainment,09/04/26,April,2026,-100,Food and Co - Novo 9,joint,false
Flight Tickets,REA,✈️ Traveling,01/09/26,September,2026,-7295,Barcelona tickets,joint,false
Food,REA,🛒 Groceries,10/04/26,April,2026,-108,SALLING: NETTO SCAN,joint,false
Furniture & Misc,REA,🏠 Home,12/04/26,April,2026,-84,MobilePay Freetrailer,joint,false
Bars & Restaurants,REA,🎉 Entertainment,13/04/26,April,2026,-75,Food and Co - Novo 9,joint,false
Activities,REA,🎉 Entertainment,13/04/26,April,2026,-40,Nordisk Film Biograf,joint,false
Food,REA,🛒 Groceries,13/04/26,April,2026,-115,Carlsro Bageri ApS,joint,false
Food,REA,🛒 Groceries,13/04/26,April,2026,-123.27,F@TEX R@DOVRE C,joint,false
Clothes,REA,👶 Kids,13/04/26,April,2026,-218.75,Flea Kids Aps,joint,false
Bars & Restaurants,REA,🎉 Entertainment,13/04/26,April,2026,-530.5,SAIGON 45,joint,false
Food,REA,🛒 Groceries,13/04/26,April,2026,-1107.13,SALLING: NETTO SCAN,joint,false
Food,REA,🛒 Groceries,13/04/26,April,2026,-33.9,SALLING: NETTO SCAN,joint,false
Furniture & Misc,REA,🏠 Home,13/04/26,April,2026,-220,Nordic lights,joint,false
Hot Water / Gas,REA,🏠 Home,13/04/26,April,2026,-5142.75,L.P.Gasservice A/S,joint,false
Furniture & Misc,REA,🏠 Home,14/04/26,April,2026,-1777,Texas AS,joint,false
Gasoline,REA,🚗 Car,14/04/26,April,2026,-600,Q8 R¦dovre 8023,joint,false
Food,REA,🛒 Groceries,15/04/26,April,2026,-181.85,SALLING: NETTO SCAN,joint,false
Food,REA,🛒 Groceries,16/04/26,April,2026,-23,NORMAL R@DOVRE,joint,false
Cleaning,REA,🏠 Home,17/04/26,April,2026,-557,Happyhelper Dk,joint,false
Furniture & Misc,REA,🏠 Home,17/04/26,April,2026,-844,Skousen.dk,joint,false
Furniture & Misc,REA,🏠 Home,19/04/26,April,2026,-400,MobilePay Cathrine Jahn Løber,joint,false
Furniture & Misc,REA,🏠 Home,19/04/26,April,2026,-500,MobilePay Sonja Joensen,joint,false
Furniture & Misc,REA,🏠 Home,20/04/26,April,2026,-1289.25,Bauhaus Gladsax,joint,false
Bars & Restaurants,REA,🎉 Entertainment,20/04/26,April,2026,-309,Pho X,joint,false
Food,REA,🛒 Groceries,20/04/26,April,2026,-320.51,SALLING: NETTO SCAN,joint,false
Furniture & Misc,REA,🏠 Home,20/04/26,April,2026,-554.7,SILVAN A/S,joint,false
Furniture & Misc,REA,🏠 Home,21/04/26,April,2026,-119.9,SILVAN A/S,joint,false
Food,REA,🛒 Groceries,21/04/26,April,2026,-733,Netto,joint,false
Cleaning,REA,🏠 Home,24/04/26,April,2026,-557,Happyhelper Dk,joint,false
Bars & Restaurants,REA,🎉 Entertainment,24/04/26,April,2026,-98,Kartal madhus,joint,false
Mortgage,REA,🏠 Home,24/04/26,April,2026,30000,Monthly payment Carlos,joint,true
Rent,REA,🏠 Home,24/04/26,April,2026,75000,Fra Anna Forbrug konto,joint,true
Rent,REA,🏠 Home,24/04/26,April,2026,30000,Fra Anna Opsparing,joint,true
Mortgage,REA,🏠 Home,24/04/26,April,2026,75000,Banklån payment,joint,true
Mortgage,REA,🏠 Home,24/04/26,April,2026,-150000,Boliglån betaling,joint,false
Food,REA,🛒 Groceries,27/04/26,April,2026,-40,SALLING: NETTO SCAN,joint,false
Bars & Restaurants,REA,🎉 Entertainment,27/04/26,April,2026,-514,Burger Garage _ R_do,joint,false
Furniture & Misc,REA,🏠 Home,27/04/26,April,2026,-447.85,SILVAN A/S,joint,false
Food,REA,🛒 Groceries,27/04/26,April,2026,-59.95,Carlsro Super,joint,false
Bars & Restaurants,REA,🎉 Entertainment,27/04/26,April,2026,-75,Food and Co - Novo 9,joint,false
Bars & Restaurants,REA,🎉 Entertainment,27/04/26,April,2026,-16.5,K@BMANDEN PÅ EJ,joint,false
Subscriptions,REA,🎉 Entertainment,27/04/26,April,2026,-89,NETFLIX.COM,joint,false
Food,REA,🛒 Groceries,27/04/26,April,2026,-160.95,SALLING: NETTO SCAN,joint,false
Furniture & Misc,REA,🏠 Home,27/04/26,April,2026,-442,Silvan Hose,joint,false
Furniture & Misc,REA,🏠 Home,27/04/26,April,2026,-1290,Jysk - Outdoor chairs,joint,false
Food,REA,🛒 Groceries,28/04/26,April,2026,-280.2,SALLING: NETTO SCAN,joint,false
Interests,REA,💰 Income,28/04/26,April,2026,1799.92,Indlån rente,joint,false
Bars & Restaurants,REA,👨 Carlos,01/04/26,April,2026,-114,Bastard cafe,personal,false
Bars & Restaurants,REA,👨 Carlos,01/04/26,April,2026,-48,Bastard cafe,personal,false
Electricity,REA,🏠 Home,03/04/26,April,2026,32.7,Transfer,personal,true
Bars & Restaurants,REA,👨 Carlos,07/04/26,April,2026,-100,MOB.PAY*IGNACIO ESCUDERO \ \KOEBENH,personal,false
Food,REA,🛒 Groceries,07/04/26,April,2026,-136.5,SuperB Nykøbing    85707,personal,false
Fine,REA,🚗 Car,07/04/26,April,2026,-995,Apcoa Parking DK,personal,false
Danmark Forsikring,REA,💊 Health,07/04/26,April,2026,-435,"MobilePay Sygeforsikringen ""danmark",personal,false
Flight Tickets,REA,👨 Carlos,08/04/26,April,2026,-7295,NORWEGIAN AIR SHUTTLE\ \BAERUM\,personal,true
Rent,REA,🏠 Home,09/04/26,April,2026,7295,Barcelona tickets,personal,true
Rent,REA,🏠 Home,13/04/26,April,2026,220,Nordic lights,personal,true
Maintenance,REA,👨 Carlos,14/04/26,April,2026,-1168.5,SP NORDIC LIGHTS\ \AARHUS CENTRU\,personal,true
Activities,REA,👶 Kids,15/04/26,April,2026,-25,place2book.com     70743,personal,false
Clothes,REA,👨 Carlos,17/04/26,April,2026,-1634.1,Zalando Payments GmbH\ \Berlin\,personal,false
Bars & Restaurants,REA,👨 Carlos,20/04/26,April,2026,-184,Armandos's Cafe &  36769,personal,false
Børne og Unge Ydelse,REA,💰 Income,20/04/26,April,2026,4809,Børne- og Ungeydelse,personal,false
Activities,REA,👶 Kids,20/04/26,April,2026,-25,HOVEDBIBLIOTEKET   43402,personal,false
Bars & Restaurants,REA,👨 Carlos,20/04/26,April,2026,-733.54,Netto ScanNGo      82656,personal,true
Rent,REA,🏠 Home,21/04/26,April,2026,733,Netto,personal,true
Carlos Salary,REA,💰 Income,24/04/26,April,2026,38841.69,Transfer of salary,personal,false
Skat Return,REA,💰 Income,24/04/26,April,2026,7520,OVERSKYDENDE SKAT,personal,false
Mortgage,REA,👨 Carlos,24/04/26,April,2026,-30000,Monthly payment Carlos,personal,true
Mortgage,REA,👨 Carlos,24/04/26,April,2026,-75000,Banklån payment,personal,true
Bars & Restaurants,REA,👨 Carlos,27/04/26,April,2026,-60,Spar Rødovre Port  51591,personal,false
Bars & Restaurants,REA,👨 Carlos,27/04/26,April,2026,-335.02,Netto ScanNGo      82657,personal,true
Maintenance,REA,👨 Carlos,27/04/26,April,2026,-442.85,SILVAN 662 Vanløse 18005,personal,true
Furniture & Misc,REA,👨 Carlos,27/04/26,April,2026,-1290,Jysk D088          93131,personal,true
Rent,REA,🏠 Home,27/04/26,April,2026,442,Silvan Hose,personal,true
Rent,REA,🏠 Home,27/04/26,April,2026,1290,Jysk - Outdoor chairs,personal,true
Bars & Restaurants,REA,👨 Carlos,28/04/26,April,2026,-70,Carlsro Super      66723,personal,false
Clothes,REA,👨 Carlos,28/04/26,April,2026,-1048.99,Zalando Payments GmbH\ \Berlin\,personal,false